Workbook

Sheet Câmbio SPS
B3: Premissa P/ SPS 2026 | C3: und | D3: 45839 | E3: 45870 | F3: 45901 | G3: 45931 | H3: 45962 | I3: 45992 | J3: Média Jul - Dez | L3: INDICADOR | M3: und | N3: T1 | O3: T2 | P3: T3 | Q3: T4
B4: Taxa Cambial Bacen 04/07 (Período de 07/06/2025 a 07/07/2025 - Base: Expectativas informadas nos últimos 30 dias) | C4: R$/USD | D4: ='Base Câmbio Bacen'!C21 -> 5.5859 | E4: ='Base Câmbio Bacen'!D21 -> 5.6096 | F4: ='Base Câmbio Bacen'!E21 -> 5.6279 | G4: ='Base Câmbio Bacen'!F21 -> 5.6444 | H4: ='Base Câmbio Bacen'!G21 -> 5.6564 | I4: ='Base Câmbio Bacen'!H21 -> 5.6738 | J4: =AVERAGE(D4:I4) -> 5.633 | L4: Câmbio P/ SPS 2026 | M4: R$/USD | N4: =J8 -> 5.5565 | O4: =N4 -> 5.5565 | P4: =O4 -> 5.5565 | Q4: =P4 -> 5.5565
B6: Taxa Spot 07.07 | C6: R$/USD | J6: 5.48
B8: Média Bacen x Spot | C8: R$/USD | J8: =AVERAGE(J4,J6) -> 5.5565

Sheet Base Câmbio Bacen
A1: Câmbio - R$/US$ - Média - Período de 07/06/2025 a 07/07/2025 - Base: Expectativas informadas nos últimos 30 dias
A2: Data | B2: 45809 | C2: 45839 | D2: 45870 | E2: 45901 | F2: 45931 | G2: 45962 | H2: 45992 | I2: 46023 | J2: 46054 | K2: 46082 | L2: 46113 | M2: 46143 | N2: 46174 | O2: 46204 | P2: 46235 | Q2: 46266 | R2: 46296 | S2: 46327 | T2: 46357 | U2: 46388 | V2: 46419 | W2: 46447 | X2: 46478 | Y2: 46508 | Z2: 46539
A3: 45817 | B3: 5.7054 | C3: 5.7177 | D3: 5.7388 | E3: 5.7497 | F3: 5.7673 | G3: 5.7766 | H3: 5.7879 | I3: 5.7954 | J3: 5.8001 | K3: 5.8013 | L3: 5.819 | M3: 5.8187 | N3: 5.824 | O3: 5.8304 | P3: 5.8419 | Q3: 5.8528 | R3: 5.8524 | S3: 5.8458 | T3: 5.8427 | U3: 5.8212 | V3: 5.8096 | W3: 5.806 | X3: 5.8086 | Y3: 5.7201
A4: 45818 | B4: 5.7047 | C4: 5.7174 | D4: 5.7385 | E4: 5.7495 | F4: 5.7668 | G4: 5.7762 | H4: 5.7875 | I4: 5.7954 | J4: 5.8001 | K4: 5.8013 | L4: 5.819 | M4: 5.8187 | N4: 5.824 | O4: 5.8304 | P4: 5.8419 | Q4: 5.8528 | R4: 5.8524 | S4: 5.8458 | T4: 5.8427 | U4: 5.8212 | V4: 5.8096 | W4: 5.806 | X4: 5.8086 | Y4: 5.7201
A5: 45819 | B5: 5.7007 | C5: 5.7134 | D5: 5.734 | E5: 5.7446 | F5: 5.7625 | G5: 5.7719 | H5: 5.7821 | I5: 5.7926 | J5: 5.7977 | K5: 5.7995 | L5: 5.8167 | M5: 5.8168 | N5: 5.8221 | O5: 5.8285 | P5: 5.84 | Q5: 5.8509 | R5: 5.8506 | S5: 5.8439 | T5: 5.8409 | U5: 5.8195 | V5: 5.8079 | W5: 5.8042 | X5: 5.8053 | Y5: 5.7104
A6: 45820 | B6: 5.6968 | C6: 5.7089 | D6: 5.7296 | E6: 5.7413 | F6: 5.7587 | G6: 5.7686 | H6: 5.779 | I6: 5.7909 | J6: 5.7945 | K6: 5.7967 | L6: 5.8134 | M6: 5.8134 | N6: 5.819 | O6: 5.8254 | P6: 5.8362 | Q6: 5.8472 | R6: 5.8472 | S6: 5.8403 | T6: 5.8379 | U6: 5.8154 | V6: 5.8031 | W6: 5.7999 | X6: 5.7998 | Y6: 5.7182
A7: 45821 | B7: 5.652 | C7: 5.6701 | D7: 5.695 | E7: 5.7111 | F7: 5.7267 | G7: 5.7356 | H7: 5.7482 | I7: 5.7627 | J7: 5.7668 | K7: 5.7706 | L7: 5.7829 | M7: 5.7858 | N7: 5.7907 | O7: 5.7977 | P7: 5.8096 | Q7: 5.8232 | R7: 5.8243 | S7: 5.8175 | T7: 5.814 | U7: 5.7968 | V7: 5.7876 | W7: 5.7854 | X7: 5.7882 | Y7: 5.7692
A8: 45824 | B8: 5.6498 | C8: 5.6676 | D8: 5.6933 | E8: 5.7095 | F8: 5.7246 | G8: 5.7331 | H8: 5.745 | I8: 5.7604 | J8: 5.7646 | K8: 5.7693 | L8: 5.7816 | M8: 5.7844 | N8: 5.7898 | O8: 5.7972 | P8: 5.8087 | Q8: 5.8223 | R8: 5.8239 | S8: 5.817 | T8: 5.8131 | U8: 5.7958 | V8: 5.7867 | W8: 5.7845 | X8: 5.7872 | Y8: 5.768
A9: 45825 | B9: 5.6468 | C9: 5.6651 | D9: 5.6899 | E9: 5.707 | F9: 5.7223 | G9: 5.7313 | H9: 5.7436 | I9: 5.759 | J9: 5.7635 | K9: 5.7685 | L9: 5.7809 | M9: 5.7843 | N9: 5.7894 | O9: 5.7969 | P9: 5.8086 | Q9: 5.8217 | R9: 5.8234 | S9: 5.8168 | T9: 5.8123 | U9: 5.7952 | V9: 5.7855 | W9: 5.7848 | X9: 5.7872 | Y9: 5.7651
A10: 45826 | B10: 5.6398 | C10: 5.6575 | D10: 5.6821 | E10: 5.7017 | F10: 5.7174 | G10: 5.7281 | H10: 5.7417 | I10: 5.7565 | J10: 5.7608 | K10: 5.7656 | L10: 5.7778 | M10: 5.7812 | N10: 5.786 | O10: 5.7935 | P10: 5.805 | Q10: 5.8187 | R10: 5.8202 | S10: 5.8134 | T10: 5.8047 | U10: 5.7917 | V10: 5.7819 | W10: 5.7812 | X10: 5.7843 | Y10: 5.7594
A11: 45828 | B11: 5.6205 | C11: 5.6343 | D11: 5.6596 | E11: 5.6769 | F11: 5.6945 | G11: 5.7065 | H11: 5.7215 | I11: 5.7322 | J11: 5.737 | K11: 5.7418 | L11: 5.7543 | M11: 5.7597 | N11: 5.7658 | O11: 5.7744 | P11: 5.7862 | Q11: 5.8013 | R11: 5.8024 | S11: 5.7963 | T11: 5.7893 | U11: 5.7755 | V11: 5.766 | W11: 5.7639 | X11: 5.7662 | Y11: 5.7389
A12: 45831 | B12: 5.6114 | C12: 5.627 | D12: 5.6527 | E12: 5.6699 | F12: 5.6876 | G12: 5.6992 | H12: 5.7148 | I12: 5.7309 | J12: 5.7364 | K12: 5.7411 | L12: 5.7537 | M12: 5.759 | N12: 5.7666 | O12: 5.7758 | P12: 5.7859 | Q12: 5.8001 | R12: 5.8006 | S12: 5.7984 | T12: 5.788 | U12: 5.7705 | V12: 5.7614 | W12: 5.7596 | X12: 5.7623 | Y12: 5.732 | AA12: =AVERAGE(C12:H12) -> 5.6752
A13: 45832 | B13: 5.6085 | C13: 5.6237 | D13: 5.6494 | E13: 5.6667 | F13: 5.6843 | G13: 5.6957 | H13: 5.7106 | I13: 5.7269 | J13: 5.7325 | K13: 5.7372 | L13: 5.7498 | M13: 5.7553 | N13: 5.7629 | O13: 5.7723 | P13: 5.7824 | Q13: 5.7966 | R13: 5.7971 | S13: 5.795 | T13: 5.7841 | U13: 5.7667 | V13: 5.7577 | W13: 5.7559 | X13: 5.7584 | Y13: 5.7336 | AA13: =AVERAGE(C13:H13) -> 5.6717333
A14: 45833 | B14: 5.6095 | C14: 5.6241 | D14: 5.649 | E14: 5.6664 | F14: 5.6844 | G14: 5.696 | H14: 5.7103 | I14: 5.7271 | J14: 5.7331 | K14: 5.7383 | L14: 5.7509 | M14: 5.7562 | N14: 5.7636 | O14: 5.7731 | P14: 5.7839 | Q14: 5.7984 | R14: 5.7987 | S14: 5.7965 | T14: 5.7858 | U14: 5.7692 | V14: 5.7606 | W14: 5.759 | X14: 5.7615 | Y14: 5.7378 | AA14: =AVERAGE(C14:H14) -> 5.6717
A15: 45834 | B15: 5.6071 | C15: 5.6211 | D15: 5.6445 | E15: 5.6608 | F15: 5.6777 | G15: 5.6901 | H15: 5.705 | I15: 5.722 | J15: 5.7279 | K15: 5.7348 | L15: 5.7477 | M15: 5.7523 | N15: 5.7601 | O15: 5.7665 | P15: 5.7754 | Q15: 5.7885 | R15: 5.7914 | S15: 5.7897 | T15: 5.7808 | U15: 5.7664 | V15: 5.7594 | W15: 5.7578 | X15: 5.7604 | Y15: 5.7378 | AA15: =AVERAGE(C15:H15) -> 5.6665333
A16: 45835 | B16: 5.5973 | C16: 5.6112 | D16: 5.635 | E16: 5.653 | F16: 5.6706 | G16: 5.6823 | H16: 5.6983 | I16: 5.7143 | J16: 5.7204 | K16: 5.7267 | L16: 5.7384 | M16: 5.7426 | N16: 5.7498 | O16: 5.7559 | P16: 5.7656 | Q16: 5.7788 | R16: 5.7835 | S16: 5.7799 | T16: 5.7718 | U16: 5.7578 | V16: 5.7508 | W16: 5.7491 | X16: 5.7497 | Y16: 5.7343 | AA16: =AVERAGE(C16:H16) -> 5.6584
A17: 45838 | C17: 5.6084 | D17: 5.6322 | E17: 5.6507 | F17: 5.6686 | G17: 5.6809 | H17: 5.698 | I17: 5.7126 | J17: 5.7203 | K17: 5.7269 | L17: 5.739 | M17: 5.743 | N17: 5.7499 | O17: 5.7553 | P17: 5.7651 | Q17: 5.7779 | R17: 5.7826 | S17: 5.778 | T17: 5.7712 | U17: 5.7569 | V17: 5.7508 | W17: 5.7496 | X17: 5.7509 | Y17: 5.7352 | Z17: 5.665 | AA17: =AVERAGE(C17:H17) -> 5.6564667
A18: 45839 | C18: 5.6063 | D18: 5.6301 | E18: 5.6488 | F18: 5.666 | G18: 5.6779 | H18: 5.6943 | I18: 5.7126 | J18: 5.7203 | K18: 5.7269 | L18: 5.739 | M18: 5.743 | N18: 5.7499 | O18: 5.7553 | P18: 5.7651 | Q18: 5.7779 | R18: 5.7826 | S18: 5.778 | T18: 5.7706 | U18: 5.7625 | V18: 5.7566 | W18: 5.7557 | X18: 5.756 | Y18: 5.7398 | Z18: 5.71 | AA18: =AVERAGE(C18:H18) -> 5.6539
A19: 45840 | C19: 5.6029 | D19: 5.6254 | E19: 5.6444 | F19: 5.6604 | G19: 5.673 | H19: 5.692 | I19: 5.7097 | J19: 5.717 | K19: 5.7231 | L19: 5.7349 | M19: 5.739 | N19: 5.7458 | O19: 5.7514 | P19: 5.7612 | Q19: 5.7741 | R19: 5.7789 | S19: 5.7744 | T19: 5.7673 | U19: 5.758 | V19: 5.7516 | W19: 5.7507 | X19: 5.7509 | Y19: 5.7402 | Z19: 5.72 | AA19: =AVERAGE(C19:H19) -> 5.6496833
A20: 45841 | C20: 5.5993 | D20: 5.6221 | E20: 5.6423 | F20: 5.6587 | G20: 5.6726 | H20: 5.6916 | I20: 5.7097 | J20: 5.717 | K20: 5.7231 | L20: 5.7349 | M20: 5.739 | N20: 5.7458 | O20: 5.7514 | P20: 5.7612 | Q20: 5.7741 | R20: 5.7789 | S20: 5.7744 | T20: 5.7673 | U20: 5.758 | V20: 5.7516 | W20: 5.7507 | X20: 5.7509 | Y20: 5.7402 | Z20: 5.7175 | AA20: =AVERAGE(C20:H20) -> 5.6477667
A21: 45842 | C21: 5.5859 | D21: 5.6096 | E21: 5.6279 | F21: 5.6444 | G21: 5.6564 | H21: 5.6738 | I21: 5.6936 | J21: 5.7012 | K21: 5.7061 | L21: 5.7156 | M21: 5.7196 | N21: 5.7264 | O21: 5.7336 | P21: 5.7419 | Q21: 5.7531 | R21: 5.7574 | S21: 5.7519 | T21: 5.742 | U21: 5.7418 | V21: 5.7353 | W21: 5.7343 | X21: 5.7334 | Y21: 5.726 | Z21: 5.7089 | AA21: =AVERAGE(C21:H21) -> 5.633

Sheet Base Câmbio Spot
